owner_no,First Order Date,First Contribution with First Order,Order Number for Contribution with First Order,Contribution Amt with First Order
2056241,2020-08-17 00:00:00,2020-08-17 00:00:00,17314188,100
2419283,2020-08-12 00:00:00,2020-08-12 00:00:00,17313984,18
2419270,2020-08-05 00:00:00,2020-08-05 00:00:00,17313502,26
2419267,2020-08-02 00:00:00,2020-08-02 00:00:00,17313468,50
2419265,2020-08-01 00:00:00,2020-08-01 00:00:00,17313457,100
2419263,2020-08-01 00:00:00,2020-08-01 00:00:00,17313451,101
2419262,2020-08-01 00:00:00,2020-08-01 00:00:00,17313449,26
2419255,2020-07-29 00:00:00,2020-07-29 00:00:00,17313375,50
2361215,2020-07-29 00:00:00,2020-07-29 00:00:00,17313345,100
2419167,2020-07-02 00:00:00,2020-07-02 00:00:00,17313109,250
2419130,2020-06-14 00:00:00,2020-06-14 00:00:00,17312966,100
2419080,2020-05-27 00:00:00,2020-05-27 00:00:00,17312581,100
2419039,2020-05-19 00:00:00,2020-05-19 00:00:00,17312330,1000
2419025,2020-05-15 00:00:00,2020-05-15 00:00:00,17312252,100
2310080,2020-05-11 00:00:00,2020-05-11 00:00:00,17312071,250
2418974,2020-05-10 00:00:00,2020-05-10 00:00:00,17312007,100
2417399,2019-12-31 00:00:00,2019-12-31 00:00:00,17311810,250
2418938,2020-05-05 00:00:00,2020-05-05 00:00:00,17311670,100
2417559,2020-01-12 00:00:00,2020-01-12 00:00:00,17311042,58.4
2416844,2020-03-31 00:00:00,2020-03-31 00:00:00,17309793,960
2418753,2020-03-14 00:00:00,2020-03-14 00:00:00,17308008,22
2418668,2020-03-07 00:00:00,2020-03-07 00:00:00,17307817,2
2418391,2020-02-23 00:00:00,2020-02-23 00:00:00,17304082,16.4
2418316,2020-02-18 00:00:00,2020-02-18 00:00:00,17303937,34.7
2418212,2020-02-10 00:00:00,2020-02-10 00:00:00,17303616,19
2417403,2019-12-31 00:00:00,2019-12-31 00:00:00,17303236,100
2418073,2020-01-31 00:00:00,2020-01-31 00:00:00,17303138,14.4
2418045,2020-01-31 00:00:00,2020-01-31 00:00:00,17302957,1
2418009,2020-01-31 00:00:00,2020-01-31 00:00:00,17302908,16.4
2417954,2020-01-29 00:00:00,2020-01-29 00:00:00,17302484,3
2417895,2020-01-28 00:00:00,2020-01-28 00:00:00,17302202,45
2417886,2020-01-28 00:00:00,2020-01-28 00:00:00,17302167,16
2417882,2020-01-28 00:00:00,2020-01-28 00:00:00,17302136,16
2417706,2020-01-20 00:00:00,2020-01-20 00:00:00,17301457,32
2417689,2020-01-19 00:00:00,2020-01-19 00:00:00,17301407,1
2417660,2020-01-17 00:00:00,2020-01-17 00:00:00,17301342,12
2417655,2020-01-17 00:00:00,2020-01-17 00:00:00,17301330,5
2414297,2019-08-26 00:00:00,2019-08-26 00:00:00,17300851,25
2417450,2020-01-05 00:00:00,2020-01-05 00:00:00,17300597,19.4
2417407,2020-01-01 00:00:00,2020-01-01 00:00:00,17300466,5
2417379,2019-12-29 00:00:00,2019-12-29 00:00:00,17300290,100
2417368,2019-12-27 00:00:00,2019-12-27 00:00:00,17300266,5
2417318,2019-12-23 00:00:00,2019-12-23 00:00:00,17300162,17
2417299,2019-12-22 00:00:00,2019-12-22 00:00:00,17300138,19.4
2417193,2019-12-17 00:00:00,2019-12-17 00:00:00,17299944,20
2417107,2019-12-12 00:00:00,2019-12-12 00:00:00,17299781,2
2417073,2019-12-10 00:00:00,2019-12-10 00:00:00,17299712,16
2417008,2019-12-05 00:00:00,2019-12-05 00:00:00,17299555,2
2417005,2019-12-04 00:00:00,2019-12-04 00:00:00,17299551,0
2416979,2019-12-02 00:00:00,2019-12-02 00:00:00,17299400,50
2399452,2019-12-02 00:00:00,2019-12-02 00:00:00,17299189,4
2416816,2019-11-22 00:00:00,2019-11-22 00:00:00,17298588,41
2416794,2019-11-20 00:00:00,2019-11-20 00:00:00,17298534,16
2416360,2019-11-06 00:00:00,2019-11-06 00:00:00,17298022,250
2416124,2019-10-15 00:00:00,2019-10-15 00:00:00,17297706,100
2416115,2019-10-12 00:00:00,2019-10-12 00:00:00,17297668,18
2415790,2019-09-26 00:00:00,2019-09-26 00:00:00,17296360,10
2415697,2019-09-22 00:00:00,2019-09-22 00:00:00,17295420,2
2415693,2019-09-22 00:00:00,2019-09-22 00:00:00,17295390,5
2415679,2019-09-22 00:00:00,2019-09-22 00:00:00,17295230,5
2415645,2019-09-21 00:00:00,2019-09-21 00:00:00,17295012,10
2415635,2019-09-21 00:00:00,2019-09-21 00:00:00,17294881,2
2415630,2019-09-20 00:00:00,2019-09-20 00:00:00,17294818,35
2415629,2019-09-20 00:00:00,2019-09-20 00:00:00,17294773,10
2415620,2019-09-20 00:00:00,2019-09-20 00:00:00,17294689,30
2415614,2019-09-20 00:00:00,2019-09-20 00:00:00,17294620,2
2415559,2019-09-20 00:00:00,2019-09-20 00:00:00,17294478,20
2415565,2019-09-19 00:00:00,2019-09-19 00:00:00,17294230,2
2415552,2019-09-18 00:00:00,2019-09-18 00:00:00,17294091,10
2415537,2019-09-18 00:00:00,2019-09-18 00:00:00,17294000,15
2415518,2019-09-18 00:00:00,2019-09-18 00:00:00,17293858,10
2415517,2019-09-17 00:00:00,2019-09-17 00:00:00,17293851,10
2415500,2019-09-17 00:00:00,2019-09-17 00:00:00,17293750,49
2415495,2019-09-17 00:00:00,2019-09-17 00:00:00,17293685,3
2415404,2019-09-15 00:00:00,2019-09-15 00:00:00,17293205,22
2415402,2019-09-15 00:00:00,2019-09-15 00:00:00,17293194,10
2415396,2019-09-14 00:00:00,2019-09-14 00:00:00,17293163,2
2412972,2019-06-05 00:00:00,2019-06-05 00:00:00,17292417,200
2414907,2019-09-11 00:00:00,2019-09-11 00:00:00,17291567,5
2414783,2019-09-09 00:00:00,2019-09-09 00:00:00,17291060,10
2414749,2019-09-09 00:00:00,2019-09-09 00:00:00,17290872,20
2412040,2019-09-09 00:00:00,2019-09-09 00:00:00,17290521,50
2414652,2019-09-07 00:00:00,2019-09-07 00:00:00,17290318,19.4
2414630,2019-09-06 00:00:00,2019-09-06 00:00:00,17290259,20
2414623,2019-09-06 00:00:00,2019-09-06 00:00:00,17290244,24
2414599,2019-09-06 00:00:00,2019-09-06 00:00:00,17290154,100
2104981,2019-09-05 00:00:00,2019-09-05 00:00:00,17290000,10
2414481,2019-09-03 00:00:00,2019-09-03 00:00:00,17289604,10
2374530,2019-09-02 00:00:00,2019-09-02 00:00:00,17289554,17
2414397,2019-08-30 00:00:00,2019-08-30 00:00:00,17289242,25
2414387,2019-08-30 00:00:00,2019-08-30 00:00:00,17289229,47.7
2414285,2019-08-24 00:00:00,2019-08-24 00:00:00,17288590,12
2414260,2019-08-23 00:00:00,2019-08-23 00:00:00,17288488,20
2414230,2019-08-21 00:00:00,2019-08-21 00:00:00,17288304,10
2414220,2019-08-21 00:00:00,2019-08-21 00:00:00,17288228,12.5
2414110,2019-08-16 00:00:00,2019-08-16 00:00:00,17287613,6.5
2414061,2019-08-15 00:00:00,2019-08-15 00:00:00,17287391,21
2414042,2019-08-15 00:00:00,2019-08-15 00:00:00,17287336,100
2392924,2019-08-15 00:00:00,2019-08-15 00:00:00,17287329,36
2413597,2019-08-12 00:00:00,2019-08-12 00:00:00,17285201,22
2413545,2019-08-08 00:00:00,2019-08-08 00:00:00,17285086,44
2409185,2019-08-02 00:00:00,2019-08-02 00:00:00,17284805,6
2413442,2019-07-26 00:00:00,2019-07-26 00:00:00,17284523,36
2413439,2019-07-26 00:00:00,2019-07-26 00:00:00,17284504,19
2413321,2019-07-21 00:00:00,2019-07-21 00:00:00,17284393,2500
2413275,2019-07-15 00:00:00,2019-07-15 00:00:00,17284305,49.6
2413201,2019-07-10 00:00:00,2019-07-10 00:00:00,17284223,19
2413115,2019-07-03 00:00:00,2019-07-03 00:00:00,17284149,5
2413022,2019-06-18 00:00:00,2019-06-18 00:00:00,17283836,20
2413023,2019-06-18 00:00:00,2019-06-18 00:00:00,17283835,37.6
2412986,2019-06-10 00:00:00,2019-06-10 00:00:00,17283708,100
2412956,2019-06-01 00:00:00,2019-06-01 00:00:00,17283577,2.2
2412947,2019-05-30 00:00:00,2019-05-30 00:00:00,17283459,19.4
2412930,2019-05-23 00:00:00,2019-05-23 00:00:00,17283324,20
2412886,2019-05-15 00:00:00,2019-05-15 00:00:00,17282970,19
2412870,2019-05-15 00:00:00,2019-05-15 00:00:00,17282873,16
2412798,2019-05-05 00:00:00,2019-05-05 00:00:00,17282391,18
2412791,2019-05-05 00:00:00,2019-05-05 00:00:00,17282287,8
2412790,2019-05-05 00:00:00,2019-05-05 00:00:00,17282257,10
2412768,2019-05-04 00:00:00,2019-05-04 00:00:00,17282097,7
2412711,2019-05-03 00:00:00,2019-05-03 00:00:00,17281701,5
2412700,2019-05-02 00:00:00,2019-05-02 00:00:00,17281624,100
2412676,2019-05-02 00:00:00,2019-05-02 00:00:00,17281408,6
2412667,2019-05-01 00:00:00,2019-05-01 00:00:00,17281365,16.4
2412631,2019-05-01 00:00:00,2019-05-01 00:00:00,17281176,45
2412628,2019-05-01 00:00:00,2019-05-01 00:00:00,17281165,34.7
2412625,2019-05-01 00:00:00,2019-05-01 00:00:00,17281143,50
2412604,2019-05-01 00:00:00,2019-05-01 00:00:00,17280945,15
2412586,2019-04-30 00:00:00,2019-04-30 00:00:00,17280793,200
2412578,2019-04-30 00:00:00,2019-04-30 00:00:00,17280695,36
2412519,2019-04-29 00:00:00,2019-04-29 00:00:00,17280381,50
2412499,2019-04-29 00:00:00,2019-04-29 00:00:00,17280252,5
2412448,2019-04-27 00:00:00,2019-04-27 00:00:00,17279950,22
2412329,2019-04-24 00:00:00,2019-04-24 00:00:00,17279193,10
2412302,2019-04-24 00:00:00,2019-04-24 00:00:00,17278989,250
2412301,2019-04-24 00:00:00,2019-04-24 00:00:00,17278969,30
2412294,2019-04-24 00:00:00,2019-04-24 00:00:00,17278946,9.5
2412286,2019-04-23 00:00:00,2019-04-23 00:00:00,17278874,20
2412264,2019-04-23 00:00:00,2019-04-23 00:00:00,17278708,20
2412258,2019-04-22 00:00:00,2019-04-22 00:00:00,17278683,34.7
2412214,2019-04-21 00:00:00,2019-04-21 00:00:00,17278407,19.4
2412197,2019-04-20 00:00:00,2019-04-20 00:00:00,17278331,16.4
2412180,2019-04-20 00:00:00,2019-04-20 00:00:00,17278276,8.2
2412155,2019-04-19 00:00:00,2019-04-19 00:00:00,17278115,8.2
2412112,2019-04-17 00:00:00,2019-04-17 00:00:00,17277585,16.4
2412111,2019-04-17 00:00:00,2019-04-17 00:00:00,17277565,16.4
2412102,2019-04-17 00:00:00,2019-04-17 00:00:00,17277456,5
2412078,2019-04-16 00:00:00,2019-04-16 00:00:00,17277332,100
2413969,2019-04-16 00:00:00,2019-04-16 00:00:00,17277046,10
2412022,2019-04-15 00:00:00,2019-04-15 00:00:00,17276890,20
2412021,2019-04-15 00:00:00,2019-04-15 00:00:00,17276876,19
2412014,2019-04-15 00:00:00,2019-04-15 00:00:00,17276832,20
1166157,2019-04-13 00:00:00,2019-04-13 00:00:00,17276717,30
2411970,2019-04-13 00:00:00,2019-04-13 00:00:00,17276661,16.4
2411900,2019-04-11 00:00:00,2019-04-11 00:00:00,17276287,8
2411849,2019-04-09 00:00:00,2019-04-09 00:00:00,17276021,2
2411833,2019-04-09 00:00:00,2019-04-09 00:00:00,17275926,22.4
2411832,2019-04-09 00:00:00,2019-04-09 00:00:00,17275914,8
2411826,2019-04-09 00:00:00,2019-04-09 00:00:00,17275879,20
2399202,2019-04-09 00:00:00,2019-04-09 00:00:00,17275862,19.4
2411802,2019-04-08 00:00:00,2019-04-08 00:00:00,17275736,20
31021,2019-04-08 00:00:00,2019-04-08 00:00:00,17275665,2
2411763,2019-04-07 00:00:00,2019-04-07 00:00:00,17275555,20
2411753,2019-04-06 00:00:00,2019-04-06 00:00:00,17275494,20
2411344,2019-04-05 00:00:00,2019-04-05 00:00:00,17275413,5
2411324,2019-04-04 00:00:00,2019-04-04 00:00:00,17275265,30
2373947,2019-03-26 00:00:00,2019-03-26 00:00:00,17274400,100
2411227,2019-03-26 00:00:00,2019-03-26 00:00:00,17274392,16.4
2410996,2019-03-13 00:00:00,2019-03-13 00:00:00,17273358,5
2410771,2019-02-26 00:00:00,2019-02-26 00:00:00,17272301,24
2410742,2019-02-24 00:00:00,2019-02-24 00:00:00,17272162,30
2410719,2019-02-21 00:00:00,2019-02-21 00:00:00,17272034,20
2410544,2019-02-14 00:00:00,2019-02-14 00:00:00,17270978,6
2410450,2019-02-12 00:00:00,2019-02-12 00:00:00,17270444,6
2410410,2019-02-11 00:00:00,2019-02-11 00:00:00,17270128,8.2
2410390,2019-02-11 00:00:00,2019-02-11 00:00:00,17270013,20
2410389,2019-02-11 00:00:00,2019-02-11 00:00:00,17270012,25
2410385,2019-02-11 00:00:00,2019-02-11 00:00:00,17270001,12
2417732,2019-02-09 00:00:00,2019-02-09 00:00:00,17269486,200
2410266,2019-02-08 00:00:00,2019-02-08 00:00:00,17268985,5
2410255,2019-02-08 00:00:00,2019-02-08 00:00:00,17268895,12
2410219,2019-02-07 00:00:00,2019-02-07 00:00:00,17268700,100
2410209,2019-02-07 00:00:00,2019-02-07 00:00:00,17268572,10
2410195,2019-02-07 00:00:00,2019-02-07 00:00:00,17268476,10
2410074,2019-02-04 00:00:00,2019-02-04 00:00:00,17267725,34.7
2410036,2019-02-03 00:00:00,2019-02-03 00:00:00,17266276,23.1
2410000,2019-02-02 00:00:00,2019-02-02 00:00:00,17266109,25
2409946,2019-01-31 00:00:00,2019-01-31 00:00:00,17265843,20
2409700,2019-01-25 00:00:00,2019-01-25 00:00:00,17264723,25
2409551,2019-01-21 00:00:00,2019-01-21 00:00:00,17263901,2500
2409534,2019-01-20 00:00:00,2019-01-20 00:00:00,17263833,10
2408862,2019-01-07 00:00:00,2019-01-07 00:00:00,17262688,16.4
2408797,2019-01-03 00:00:00,2019-01-03 00:00:00,17262478,16
2408778,2019-01-01 00:00:00,2019-01-01 00:00:00,17262380,29
2408773,2018-12-31 00:00:00,2018-12-31 00:00:00,17262365,25
1421965,2018-12-31 00:00:00,2018-12-31 00:00:00,17262351,40
2408690,2018-12-25 00:00:00,2018-12-25 00:00:00,17261994,16.4
2408666,2018-12-24 00:00:00,2018-12-24 00:00:00,17261955,16
2408661,2018-12-23 00:00:00,2018-12-23 00:00:00,17261947,2
2408640,2018-12-22 00:00:00,2018-12-22 00:00:00,17261913,16
2408601,2018-12-21 00:00:00,2018-12-21 00:00:00,17261804,50
2408592,2018-12-20 00:00:00,2018-12-20 00:00:00,17261782,22
2408545,2018-12-18 00:00:00,2018-12-18 00:00:00,17261676,10
2408470,2018-12-14 00:00:00,2018-12-14 00:00:00,17261493,20
2408464,2018-12-14 00:00:00,2018-12-14 00:00:00,17261471,10
2408447,2018-12-13 00:00:00,2018-12-13 00:00:00,17261421,25
2408432,2018-12-11 00:00:00,2018-12-11 00:00:00,17261362,5
2408428,2018-12-11 00:00:00,2018-12-11 00:00:00,17261354,35
2408366,2018-12-06 00:00:00,2018-12-06 00:00:00,17261124,16.4
2376941,2018-12-03 00:00:00,2018-12-03 00:00:00,17260896,1500
2408221,2018-11-26 00:00:00,2018-11-26 00:00:00,17260494,25
2408156,2018-11-19 00:00:00,2018-11-19 00:00:00,17260183,0
2408138,2018-11-14 00:00:00,2018-11-14 00:00:00,17260099,16
2408080,2018-11-06 00:00:00,2018-11-06 00:00:00,17259959,16.4
2408071,2018-11-02 00:00:00,2018-11-02 00:00:00,17259903,44
2407732,2018-09-29 00:00:00,2018-09-29 00:00:00,17258801,10
2407664,2018-09-29 00:00:00,2018-09-29 00:00:00,17258553,10
2407634,2018-09-29 00:00:00,2018-09-29 00:00:00,17258407,10
2407515,2018-09-28 00:00:00,2018-09-28 00:00:00,17257906,100
2407484,2018-09-28 00:00:00,2018-09-28 00:00:00,17257783,20
2406805,2018-09-26 00:00:00,2018-09-26 00:00:00,17256281,10
2406304,2018-09-24 00:00:00,2018-09-24 00:00:00,17255078,10
2406128,2018-09-23 00:00:00,2018-09-23 00:00:00,17254442,16
2406121,2018-09-23 00:00:00,2018-09-23 00:00:00,17254389,25
2406059,2018-09-22 00:00:00,2018-09-22 00:00:00,17254164,10
2406058,2018-09-22 00:00:00,2018-09-22 00:00:00,17254153,19
2405995,2018-09-21 00:00:00,2018-09-21 00:00:00,17253836,25
1297754,2017-09-14 00:00:00,2017-09-14 00:00:00,17253208,400
2405779,2018-09-20 00:00:00,2018-09-20 00:00:00,17252997,100
2405763,2018-09-20 00:00:00,2018-09-20 00:00:00,17252948,16
2405561,2018-09-18 00:00:00,2018-09-18 00:00:00,17252456,25
2405310,2018-09-17 00:00:00,2018-09-17 00:00:00,17251956,20
2405163,2018-09-14 00:00:00,2018-09-14 00:00:00,17251425,20
2405147,2018-09-14 00:00:00,2018-09-14 00:00:00,17251405,10
2405143,2018-09-14 00:00:00,2018-09-14 00:00:00,17251391,10
2405093,2018-09-13 00:00:00,2018-09-13 00:00:00,17251278,25
2405087,2018-09-13 00:00:00,2018-09-13 00:00:00,17251259,100
2404938,2018-09-11 00:00:00,2018-09-11 00:00:00,17250815,10
2404763,2018-09-09 00:00:00,2018-09-09 00:00:00,17250345,100
2404651,2018-09-08 00:00:00,2018-09-08 00:00:00,17250086,25
2419011,2018-09-07 00:00:00,2018-09-07 00:00:00,17250028,25
2404174,2018-09-05 00:00:00,2018-09-05 00:00:00,17249502,20
2403927,2018-09-05 00:00:00,2018-09-05 00:00:00,17249235,100
2403477,2018-09-01 00:00:00,2018-09-01 00:00:00,17248532,10
2403307,2018-08-31 00:00:00,2018-08-31 00:00:00,17248182,25
2403297,2018-08-31 00:00:00,2018-08-31 00:00:00,17248167,25
2403280,2018-08-30 00:00:00,2018-08-30 00:00:00,17248128,25
2403195,2018-08-30 00:00:00,2018-08-30 00:00:00,17247907,10
2403051,2018-08-29 00:00:00,2018-08-29 00:00:00,17247648,25
2402970,2018-08-29 00:00:00,2018-08-29 00:00:00,17247491,10
2402723,2018-08-29 00:00:00,2018-08-29 00:00:00,17247021,25
274336,2018-08-29 00:00:00,2018-08-29 00:00:00,17246803,5
2401171,2018-08-29 00:00:00,2018-08-29 00:00:00,17246677,20
2402321,2018-08-29 00:00:00,2018-08-29 00:00:00,17246290,10
2402324,2018-08-29 00:00:00,2018-08-29 00:00:00,17246281,10
2402248,2018-08-29 00:00:00,2018-08-29 00:00:00,17246223,25
2402219,2018-08-29 00:00:00,2018-08-29 00:00:00,17246175,10
2402212,2018-08-29 00:00:00,2018-08-29 00:00:00,17246165,10
2402148,2018-08-28 00:00:00,2018-08-28 00:00:00,17246068,100
2402125,2018-08-28 00:00:00,2018-08-28 00:00:00,17245974,10
2402009,2018-08-23 00:00:00,2018-08-23 00:00:00,17245662,10
2401670,2018-08-06 00:00:00,2018-08-06 00:00:00,17244201,16.4
2401627,2018-08-04 00:00:00,2018-08-04 00:00:00,17244058,100
2401618,2018-08-04 00:00:00,2018-08-04 00:00:00,17244038,16
2401407,2018-07-28 00:00:00,2018-07-28 00:00:00,17243325,25
2401349,2018-07-17 00:00:00,2018-07-17 00:00:00,17242893,100
192686,2018-07-13 00:00:00,2018-07-13 00:00:00,17242788,100
359253,2018-06-21 00:00:00,2018-06-21 00:00:00,17242209,0
2400044,2018-06-19 00:00:00,2018-06-19 00:00:00,17242156,50
2401213,2018-06-01 00:00:00,2018-06-01 00:00:00,17241641,100
2383621,2018-05-31 00:00:00,2018-05-31 00:00:00,17241566,10
2401198,2018-05-28 00:00:00,2018-05-28 00:00:00,17241442,50
2401179,2018-05-22 00:00:00,2018-05-22 00:00:00,17241240,25
2401156,2018-05-18 00:00:00,2018-05-18 00:00:00,17240959,0
2401110,2018-05-14 00:00:00,2018-05-14 00:00:00,17240645,7
2401096,2018-05-12 00:00:00,2018-05-12 00:00:00,17240581,150
2401066,2018-05-10 00:00:00,2018-05-10 00:00:00,17240483,49
2400847,2018-05-03 00:00:00,2018-05-03 00:00:00,17239006,25
2400723,2018-05-01 00:00:00,2018-05-01 00:00:00,17238133,3
2400719,2018-05-01 00:00:00,2018-05-01 00:00:00,17238119,10
2400645,2018-04-30 00:00:00,2018-04-30 00:00:00,17237818,10
2400409,2018-04-27 00:00:00,2018-04-27 00:00:00,17236602,10
2400363,2018-04-26 00:00:00,2018-04-26 00:00:00,17236414,250
2400283,2018-04-25 00:00:00,2018-04-25 00:00:00,17236042,3
2400120,2018-04-24 00:00:00,2018-04-24 00:00:00,17235521,2
2400038,2018-04-21 00:00:00,2018-04-21 00:00:00,17234802,12
2399961,2018-04-19 00:00:00,2018-04-19 00:00:00,17234549,43
2399739,2018-04-15 00:00:00,2018-04-15 00:00:00,17233426,25
2399736,2018-04-15 00:00:00,2018-04-15 00:00:00,17233418,10
2399704,2018-04-14 00:00:00,2018-04-14 00:00:00,17233311,100
2399585,2018-04-11 00:00:00,2018-04-11 00:00:00,17232849,25
2399419,2018-04-09 00:00:00,2018-04-09 00:00:00,17232200,100
2399252,2018-04-04 00:00:00,2018-04-04 00:00:00,17231653,14
2399082,2018-03-30 00:00:00,2018-03-30 00:00:00,17230917,27
2398910,2018-03-24 00:00:00,2018-03-24 00:00:00,17230296,5
2398524,2018-03-05 00:00:00,2018-03-05 00:00:00,17226776,15
2398488,2018-03-04 00:00:00,2018-03-04 00:00:00,17226726,20
2398042,2018-02-14 00:00:00,2018-02-14 00:00:00,17224691,25
2397481,2018-02-06 00:00:00,2018-02-06 00:00:00,17222897,15
2397378,2018-02-03 00:00:00,2018-02-03 00:00:00,17222489,3
2397298,2018-02-02 00:00:00,2018-02-02 00:00:00,17221882,10
2397172,2018-01-30 00:00:00,2018-01-30 00:00:00,17221439,10
2397070,2018-01-27 00:00:00,2018-01-27 00:00:00,17221064,10
2396553,2018-01-25 00:00:00,2018-01-25 00:00:00,17220907,10
2396943,2018-01-21 00:00:00,2018-01-21 00:00:00,17220418,10
2396918,2018-01-19 00:00:00,2018-01-19 00:00:00,17220335,100
2396915,2018-01-19 00:00:00,2018-01-19 00:00:00,17220326,250
2396889,2018-01-19 00:00:00,2018-01-19 00:00:00,17220276,100
2396638,2018-01-10 00:00:00,2018-01-10 00:00:00,17218468,18
2396614,2018-01-08 00:00:00,2018-01-08 00:00:00,17218328,10
2396549,2018-01-03 00:00:00,2018-01-03 00:00:00,17218039,20
2396505,2018-01-01 00:00:00,2018-01-01 00:00:00,17217909,5
2396479,2017-12-30 00:00:00,2017-12-30 00:00:00,17217788,50
2396388,2017-12-21 00:00:00,2017-12-21 00:00:00,17217487,100
2396294,2017-12-17 00:00:00,2017-12-17 00:00:00,17217224,50
2396264,2017-12-15 00:00:00,2017-12-15 00:00:00,17217125,100
2396254,2017-12-14 00:00:00,2017-12-14 00:00:00,17217104,0
2396231,2017-12-13 00:00:00,2017-12-13 00:00:00,17217054,20
2396194,2017-12-09 00:00:00,2017-12-09 00:00:00,17216924,25
2396072,2017-12-02 00:00:00,2017-12-02 00:00:00,17216521,20
2385233,2017-12-02 00:00:00,2017-12-02 00:00:00,17216509,25
2396043,2017-12-01 00:00:00,2017-12-01 00:00:00,17216355,10
2395672,2017-11-26 00:00:00,2017-11-26 00:00:00,17215609,8
2395635,2017-11-24 00:00:00,2017-11-24 00:00:00,17215449,18
2372689,2017-11-24 00:00:00,2017-11-24 00:00:00,17215419,100
2395238,2017-10-06 00:00:00,2017-10-06 00:00:00,17214457,50
2395162,2017-10-01 00:00:00,2017-10-01 00:00:00,17214402,20
2394991,2017-09-24 00:00:00,2017-09-24 00:00:00,17214090,5
2394903,2017-09-23 00:00:00,2017-09-23 00:00:00,17213672,5
2394739,2017-09-23 00:00:00,2017-09-23 00:00:00,17213269,10
2394631,2017-09-23 00:00:00,2017-09-23 00:00:00,17213019,10
2394586,2017-09-23 00:00:00,2017-09-23 00:00:00,17212878,20
2394538,2017-09-22 00:00:00,2017-09-22 00:00:00,17212821,20
2394484,2017-09-22 00:00:00,2017-09-22 00:00:00,17212639,5
2394274,2017-09-22 00:00:00,2017-09-22 00:00:00,17211971,10
700806,2017-09-22 00:00:00,2017-09-22 00:00:00,17211842,50
2393994,2017-09-21 00:00:00,2017-09-21 00:00:00,17210919,10
2393825,2017-09-20 00:00:00,2017-09-20 00:00:00,17210248,10
2393755,2017-09-19 00:00:00,2017-09-19 00:00:00,17210017,25
2393751,2017-09-19 00:00:00,2017-09-19 00:00:00,17210006,10
2393720,2017-09-19 00:00:00,2017-09-19 00:00:00,17209896,20
2393597,2017-09-19 00:00:00,2017-09-19 00:00:00,17209398,40
2393441,2017-09-18 00:00:00,2017-09-18 00:00:00,17208951,5
2393343,2017-09-18 00:00:00,2017-09-18 00:00:00,17208471,25
2393328,2017-09-18 00:00:00,2017-09-18 00:00:00,17208415,50
2393246,2017-09-17 00:00:00,2017-09-17 00:00:00,17208058,40
2393130,2017-09-16 00:00:00,2017-09-16 00:00:00,17207513,5
2393050,2017-09-16 00:00:00,2017-09-16 00:00:00,17207236,75
2393000,2017-09-15 00:00:00,2017-09-15 00:00:00,17207007,10
2392954,2017-09-15 00:00:00,2017-09-15 00:00:00,17206690,20
2383171,2017-09-13 00:00:00,2017-09-13 00:00:00,17205620,5
2392683,2017-09-13 00:00:00,2017-09-13 00:00:00,17205407,25
2392400,2017-09-11 00:00:00,2017-09-11 00:00:00,17204467,25
2392432,2017-09-11 00:00:00,2017-09-11 00:00:00,17204314,25
2392421,2017-09-11 00:00:00,2017-09-11 00:00:00,17204287,20
2392358,2017-09-10 00:00:00,2017-09-10 00:00:00,17204127,10
2392233,2017-09-09 00:00:00,2017-09-09 00:00:00,17203836,100
2392214,2017-09-09 00:00:00,2017-09-09 00:00:00,17203808,10
2392181,2017-09-08 00:00:00,2017-09-08 00:00:00,17203735,10
2392096,2017-09-07 00:00:00,2017-09-07 00:00:00,17203526,10
2392071,2017-09-07 00:00:00,2017-09-07 00:00:00,17203465,5
2392033,2017-09-07 00:00:00,2017-09-07 00:00:00,17203351,25
2392025,2017-09-07 00:00:00,2017-09-07 00:00:00,17203308,15
2392005,2017-09-07 00:00:00,2017-09-07 00:00:00,17203251,10
2391988,2017-09-07 00:00:00,2017-09-07 00:00:00,17203218,5
2391904,2017-09-07 00:00:00,2017-09-07 00:00:00,17203058,25
2391899,2017-09-07 00:00:00,2017-09-07 00:00:00,17203043,10
2391853,2017-09-06 00:00:00,2017-09-06 00:00:00,17202942,20
2391786,2017-09-06 00:00:00,2017-09-06 00:00:00,17202828,5
2391731,2017-09-05 00:00:00,2017-09-05 00:00:00,17202585,10
2391717,2017-09-05 00:00:00,2017-09-05 00:00:00,17202534,10
2391633,2017-09-04 00:00:00,2017-09-04 00:00:00,17202287,50
2391611,2017-09-04 00:00:00,2017-09-04 00:00:00,17202221,10
2391581,2017-09-03 00:00:00,2017-09-03 00:00:00,17202113,25
2391448,2017-08-31 00:00:00,2017-08-31 00:00:00,17201758,10
2391414,2017-08-31 00:00:00,2017-08-31 00:00:00,17201640,15
131002,2017-08-31 00:00:00,2017-08-31 00:00:00,17201614,0
2391365,2017-08-30 00:00:00,2017-08-30 00:00:00,17201525,100
2391276,2017-08-29 00:00:00,2017-08-29 00:00:00,17201276,25
2391215,2017-08-29 00:00:00,2017-08-29 00:00:00,17201121,10
2391174,2017-08-29 00:00:00,2017-08-29 00:00:00,17201017,20
2391146,2017-08-28 00:00:00,2017-08-28 00:00:00,17200959,20
2391044,2017-08-28 00:00:00,2017-08-28 00:00:00,17200697,5
2390959,2017-08-27 00:00:00,2017-08-27 00:00:00,17200477,25
2390887,2017-08-27 00:00:00,2017-08-27 00:00:00,17200332,20
2390874,2017-08-27 00:00:00,2017-08-27 00:00:00,17200287,25
2390734,2017-08-26 00:00:00,2017-08-26 00:00:00,17200004,100
2390732,2017-08-26 00:00:00,2017-08-26 00:00:00,17199999,25
2390723,2017-08-26 00:00:00,2017-08-26 00:00:00,17199980,10
2390718,2017-08-26 00:00:00,2017-08-26 00:00:00,17199966,25
2390595,2017-08-25 00:00:00,2017-08-25 00:00:00,17199718,10
2390580,2017-08-25 00:00:00,2017-08-25 00:00:00,17199684,100
2390504,2017-08-24 00:00:00,2017-08-24 00:00:00,17199507,10
2390488,2017-08-24 00:00:00,2017-08-24 00:00:00,17199488,50
2390451,2017-08-24 00:00:00,2017-08-24 00:00:00,17199385,100
2390360,2017-08-24 00:00:00,2017-08-24 00:00:00,17199178,20
2390313,2017-08-24 00:00:00,2017-08-24 00:00:00,17199063,10
2390295,2017-08-24 00:00:00,2017-08-24 00:00:00,17199032,20
2390214,2017-08-23 00:00:00,2017-08-23 00:00:00,17198847,10
2390151,2017-08-23 00:00:00,2017-08-23 00:00:00,17198701,25
2389997,2017-08-23 00:00:00,2017-08-23 00:00:00,17198336,25
2389887,2017-08-23 00:00:00,2017-08-23 00:00:00,17198062,20
2389880,2017-08-23 00:00:00,2017-08-23 00:00:00,17198037,25
2389745,2017-08-23 00:00:00,2017-08-23 00:00:00,17197656,100
2389715,2017-08-23 00:00:00,2017-08-23 00:00:00,17197576,20
2389620,2017-08-23 00:00:00,2017-08-23 00:00:00,17197361,10
2389598,2017-08-23 00:00:00,2017-08-23 00:00:00,17197326,5
2389550,2017-08-23 00:00:00,2017-08-23 00:00:00,17197262,2
2389504,2017-08-23 00:00:00,2017-08-23 00:00:00,17197177,40
2389497,2017-08-23 00:00:00,2017-08-23 00:00:00,17197171,10
2389491,2017-08-23 00:00:00,2017-08-23 00:00:00,17197155,20
2389469,2017-08-23 00:00:00,2017-08-23 00:00:00,17197114,10
2389326,2017-08-23 00:00:00,2017-08-23 00:00:00,17196864,10
2394414,2017-08-22 00:00:00,2017-08-22 00:00:00,17196717,100
2389274,2017-08-21 00:00:00,2017-08-21 00:00:00,17196672,5
2389225,2017-08-20 00:00:00,2017-08-20 00:00:00,17196546,20
2389162,2017-08-17 00:00:00,2017-08-17 00:00:00,17196327,50
2389057,2017-08-14 00:00:00,2017-08-14 00:00:00,17195771,100
2389015,2017-08-12 00:00:00,2017-08-12 00:00:00,17195607,5
2388933,2017-08-09 00:00:00,2017-08-09 00:00:00,17195259,25
2388776,2017-08-02 00:00:00,2017-08-02 00:00:00,17194656,10
2388698,2017-08-01 00:00:00,2017-08-01 00:00:00,17194391,4
2388596,2017-07-27 00:00:00,2017-07-27 00:00:00,17194154,100
2388594,2017-07-26 00:00:00,2017-07-26 00:00:00,17194142,20
2388592,2017-07-26 00:00:00,2017-07-26 00:00:00,17194140,40
2389719,2017-07-24 00:00:00,2017-07-24 00:00:00,17194017,30
2388534,2017-07-21 00:00:00,2017-07-21 00:00:00,17193947,100
2388482,2017-07-18 00:00:00,2017-07-18 00:00:00,17193763,100
2388473,2017-07-17 00:00:00,2017-07-17 00:00:00,17193743,25
2388384,2017-07-12 00:00:00,2017-07-12 00:00:00,17193590,100
2388343,2017-07-05 00:00:00,2017-07-05 00:00:00,17193440,100
2387926,2017-06-29 00:00:00,2017-06-29 00:00:00,17193313,100
2388306,2017-06-28 00:00:00,2017-06-28 00:00:00,17193272,100
2388293,2017-06-27 00:00:00,2017-06-27 00:00:00,17193218,10
2388255,2017-06-24 00:00:00,2017-06-24 00:00:00,17193073,10
2388240,2017-06-22 00:00:00,2017-06-22 00:00:00,17193026,25
2388025,2017-06-05 00:00:00,2017-06-05 00:00:00,17192514,45
2387963,2017-05-30 00:00:00,2017-05-30 00:00:00,17192332,100
2387842,2017-05-22 00:00:00,2017-05-22 00:00:00,17191954,100
2387831,2017-05-20 00:00:00,2017-05-20 00:00:00,17191908,100
2387698,2017-05-18 00:00:00,2017-05-18 00:00:00,17191837,50
2387573,2017-05-16 00:00:00,2017-05-16 00:00:00,17191677,50
2387566,2017-05-16 00:00:00,2017-05-16 00:00:00,17191628,100
2387558,2017-05-15 00:00:00,2017-05-15 00:00:00,17191577,12
2387457,2017-05-08 00:00:00,2017-05-08 00:00:00,17191069,100
2387429,2017-05-06 00:00:00,2017-05-06 00:00:00,17190823,6
2387375,2017-05-05 00:00:00,2017-05-05 00:00:00,17190442,100
2387326,2017-05-04 00:00:00,2017-05-04 00:00:00,17190352,30
2387330,2017-05-04 00:00:00,2017-05-04 00:00:00,17190276,10
2387320,2017-05-04 00:00:00,2017-05-04 00:00:00,17190214,5
2387305,2017-05-03 00:00:00,2017-05-03 00:00:00,17190068,5
2387291,2017-05-03 00:00:00,2017-05-03 00:00:00,17189994,100
2387248,2017-05-02 00:00:00,2017-05-02 00:00:00,17189801,3
2387095,2017-04-29 00:00:00,2017-04-29 00:00:00,17189060,10
2387085,2017-04-29 00:00:00,2017-04-29 00:00:00,17189044,50
2387056,2017-04-29 00:00:00,2017-04-29 00:00:00,17188933,100
2386997,2017-04-28 00:00:00,2017-04-28 00:00:00,17188605,20
2386952,2017-04-27 00:00:00,2017-04-27 00:00:00,17188396,22
2386818,2017-04-25 00:00:00,2017-04-25 00:00:00,17187811,12
2386751,2017-04-24 00:00:00,2017-04-24 00:00:00,17187485,10
2386622,2017-04-24 00:00:00,2017-04-24 00:00:00,17187367,2
2386716,2017-04-24 00:00:00,2017-04-24 00:00:00,17187235,50
2386690,2017-04-23 00:00:00,2017-04-23 00:00:00,17187177,20
2386640,2017-04-23 00:00:00,2017-04-23 00:00:00,17187167,10
2386648,2017-04-22 00:00:00,2017-04-22 00:00:00,17187034,1
2386584,2017-04-21 00:00:00,2017-04-21 00:00:00,17186757,2
2386573,2017-04-20 00:00:00,2017-04-20 00:00:00,17186689,2
2386359,2017-04-14 00:00:00,2017-04-14 00:00:00,17185723,100
2386166,2017-04-05 00:00:00,2017-04-05 00:00:00,17184914,12
2386140,2017-04-04 00:00:00,2017-04-04 00:00:00,17184775,42
2386132,2017-04-03 00:00:00,2017-04-03 00:00:00,17184737,22
2386029,2017-03-29 00:00:00,2017-03-29 00:00:00,17184451,100
2386012,2017-03-29 00:00:00,2017-03-29 00:00:00,17184385,32
2385990,2017-03-27 00:00:00,2017-03-27 00:00:00,17184249,100
2385864,2017-03-23 00:00:00,2017-03-23 00:00:00,17183783,5
2385793,2017-03-16 00:00:00,2017-03-16 00:00:00,17183257,18
2385765,2017-03-13 00:00:00,2017-03-13 00:00:00,17183126,100
2385734,2017-03-10 00:00:00,2017-03-10 00:00:00,17183010,10
2385691,2017-03-06 00:00:00,2017-03-06 00:00:00,17182799,42
2385572,2017-03-02 00:00:00,2017-03-02 00:00:00,17182435,10
2385550,2017-02-28 00:00:00,2017-02-28 00:00:00,17182326,100
2385414,2017-02-17 00:00:00,2017-02-17 00:00:00,17181577,12
2390672,2017-02-16 00:00:00,2017-02-16 00:00:00,17181362,2
2385131,2017-02-11 00:00:00,2017-02-11 00:00:00,17180152,6
2385004,2017-02-08 00:00:00,2017-02-08 00:00:00,17179450,25
2384849,2017-02-07 00:00:00,2017-02-07 00:00:00,17178899,10
2375527,2017-02-06 00:00:00,2017-02-06 00:00:00,17178825,26
2384720,2017-02-02 00:00:00,2017-02-02 00:00:00,17178377,10
2384647,2017-01-30 00:00:00,2017-01-30 00:00:00,17178061,10
2384484,2017-01-24 00:00:00,2017-01-24 00:00:00,17177566,5
2384410,2017-01-22 00:00:00,2017-01-22 00:00:00,17177361,22
2383883,2016-12-31 00:00:00,2016-12-31 00:00:00,17176219,20
2383873,2016-12-31 00:00:00,2016-12-31 00:00:00,17176187,250
2383769,2016-12-22 00:00:00,2016-12-22 00:00:00,17174309,25
2383737,2016-12-21 00:00:00,2016-12-21 00:00:00,17174227,2
2383736,2016-12-21 00:00:00,2016-12-21 00:00:00,17174218,5
2383720,2016-12-20 00:00:00,2016-12-20 00:00:00,17174172,1
2383716,2016-12-20 00:00:00,2016-12-20 00:00:00,17174161,25
2383704,2016-12-19 00:00:00,2016-12-19 00:00:00,17174116,25
2383697,2016-12-19 00:00:00,2016-12-19 00:00:00,17174106,10
2383640,2016-12-16 00:00:00,2016-12-16 00:00:00,17173904,25
196109,2016-12-14 00:00:00,2016-12-14 00:00:00,17173837,11
2383620,2016-12-14 00:00:00,2016-12-14 00:00:00,17173824,100
2383606,2016-12-13 00:00:00,2016-12-13 00:00:00,17173794,12.5
2383604,2016-12-13 00:00:00,2016-12-13 00:00:00,17173784,500
2383546,2016-12-09 00:00:00,2016-12-09 00:00:00,17173640,17
2383509,2016-12-06 00:00:00,2016-12-06 00:00:00,17173533,10
2383468,2016-12-03 00:00:00,2016-12-03 00:00:00,17173430,2
2383434,2016-12-01 00:00:00,2016-12-01 00:00:00,17173344,20
2383421,2016-11-30 00:00:00,2016-11-30 00:00:00,17173309,25
2383413,2016-11-30 00:00:00,2016-11-30 00:00:00,17173277,500
2383404,2016-11-29 00:00:00,2016-11-29 00:00:00,17173234,10
2383358,2016-11-28 00:00:00,2016-11-28 00:00:00,17173033,20
162570,2016-11-28 00:00:00,2016-11-28 00:00:00,17173025,10
170123,2016-11-28 00:00:00,2016-11-28 00:00:00,17173012,20
2383326,2016-11-27 00:00:00,2016-11-27 00:00:00,17172808,5
2371284,2015-12-09 00:00:00,2015-12-09 00:00:00,17172454,25
1703056,2016-09-12 00:00:00,2016-09-12 00:00:00,17172274,200
2383130,2016-11-10 00:00:00,2016-11-10 00:00:00,17172257,50
2382673,2016-10-29 00:00:00,2016-10-29 00:00:00,17171658,10
2382671,2016-10-29 00:00:00,2016-10-29 00:00:00,17171651,25
2382659,2016-10-27 00:00:00,2016-10-27 00:00:00,17171617,100
2382635,2016-10-26 00:00:00,2016-10-26 00:00:00,17171604,50
2382630,2016-10-25 00:00:00,2016-10-25 00:00:00,17171581,100
2382617,2016-10-24 00:00:00,2016-10-24 00:00:00,17171551,50
2382610,2016-10-23 00:00:00,2016-10-23 00:00:00,17171530,100
2382608,2016-10-23 00:00:00,2016-10-23 00:00:00,17171526,50
2382606,2016-10-22 00:00:00,2016-10-22 00:00:00,17171524,50
2382605,2016-10-22 00:00:00,2016-10-22 00:00:00,17171522,50
2382603,2016-10-22 00:00:00,2016-10-22 00:00:00,17171519,50
2382599,2016-10-21 00:00:00,2016-10-21 00:00:00,17171507,50
2382597,2016-10-21 00:00:00,2016-10-21 00:00:00,17171497,100
2382510,2016-10-16 00:00:00,2016-10-16 00:00:00,17171423,100
2382508,2016-10-16 00:00:00,2016-10-16 00:00:00,17171421,50
2382503,2016-10-15 00:00:00,2016-10-15 00:00:00,17171411,56
2382210,2016-10-02 00:00:00,2016-10-02 00:00:00,17170996,10
2418999,2016-10-01 00:00:00,2016-10-01 00:00:00,17170508,20
2381977,2016-10-01 00:00:00,2016-10-01 00:00:00,17170327,25
2381900,2016-09-30 00:00:00,2016-09-30 00:00:00,17170059,1
2381457,2016-09-29 00:00:00,2016-09-29 00:00:00,17168871,25
2381405,2016-09-28 00:00:00,2016-09-28 00:00:00,17168755,1
2381385,2016-09-28 00:00:00,2016-09-28 00:00:00,17168616,25
2381368,2016-09-28 00:00:00,2016-09-28 00:00:00,17168527,5
2381245,2016-09-28 00:00:00,2016-09-28 00:00:00,17168127,25
2381198,2016-09-28 00:00:00,2016-09-28 00:00:00,17167994,10
2381183,2016-09-28 00:00:00,2016-09-28 00:00:00,17167952,5
2381078,2016-09-27 00:00:00,2016-09-27 00:00:00,17167705,2
2381061,2016-09-27 00:00:00,2016-09-27 00:00:00,17167640,20
974969,2016-09-26 00:00:00,2016-09-26 00:00:00,17166467,6
2380481,2016-09-25 00:00:00,2016-09-25 00:00:00,17166243,25
2380441,2016-09-25 00:00:00,2016-09-25 00:00:00,17166127,25
2380317,2016-09-24 00:00:00,2016-09-24 00:00:00,17165684,25
2380063,2016-09-23 00:00:00,2016-09-23 00:00:00,17164862,100
2380000,2016-09-22 00:00:00,2016-09-22 00:00:00,17164608,50
2379942,2016-09-22 00:00:00,2016-09-22 00:00:00,17164347,25
2379685,2016-09-20 00:00:00,2016-09-20 00:00:00,17163488,100
2379639,2016-09-20 00:00:00,2016-09-20 00:00:00,17163411,100
2379656,2016-09-20 00:00:00,2016-09-20 00:00:00,17163398,25
2379605,2016-09-19 00:00:00,2016-09-19 00:00:00,17163213,25
2379517,2016-09-19 00:00:00,2016-09-19 00:00:00,17162969,10
2379475,2016-09-19 00:00:00,2016-09-19 00:00:00,17162816,10
2379314,2016-09-17 00:00:00,2016-09-17 00:00:00,17162355,200
2379251,2016-09-17 00:00:00,2016-09-17 00:00:00,17162196,2
2378974,2016-09-16 00:00:00,2016-09-16 00:00:00,17161989,25
2378884,2016-09-15 00:00:00,2016-09-15 00:00:00,17161350,5
2378864,2016-09-15 00:00:00,2016-09-15 00:00:00,17161320,20
2378851,2016-09-15 00:00:00,2016-09-15 00:00:00,17161299,25
2378777,2016-09-15 00:00:00,2016-09-15 00:00:00,17161202,10
2378724,2016-09-15 00:00:00,2016-09-15 00:00:00,17161097,10
982470,2016-09-15 00:00:00,2016-09-15 00:00:00,17161025,26
2378670,2016-09-15 00:00:00,2016-09-15 00:00:00,17160972,10
2378609,2016-09-14 00:00:00,2016-09-14 00:00:00,17160800,12
2378435,2016-09-13 00:00:00,2016-09-13 00:00:00,17160294,20
2385337,2016-09-07 00:00:00,2016-09-07 00:00:00,17160268,2500
2378366,2016-09-13 00:00:00,2016-09-13 00:00:00,17160115,25
2047319,2016-09-13 00:00:00,2016-09-13 00:00:00,17160090,20
2385745,2016-09-12 00:00:00,2016-09-12 00:00:00,17159924,5
2378270,2016-09-12 00:00:00,2016-09-12 00:00:00,17159887,22
2378217,2016-09-12 00:00:00,2016-09-12 00:00:00,17159795,25
2387629,2016-09-12 00:00:00,2016-09-12 00:00:00,17159627,25
2378161,2016-09-12 00:00:00,2016-09-12 00:00:00,17159596,500
2377820,2016-09-10 00:00:00,2016-09-10 00:00:00,17158892,10
2377778,2016-09-09 00:00:00,2016-09-09 00:00:00,17158798,25
765108,2016-09-09 00:00:00,2016-09-09 00:00:00,17158538,25
2377667,2016-09-09 00:00:00,2016-09-09 00:00:00,17158518,25
115851,2016-09-08 00:00:00,2016-09-08 00:00:00,17158356,20
2377573,2016-09-08 00:00:00,2016-09-08 00:00:00,17158321,10
2377559,2016-09-08 00:00:00,2016-09-08 00:00:00,17158288,50
2377541,2016-09-08 00:00:00,2016-09-08 00:00:00,17158244,10
2377494,2016-09-08 00:00:00,2016-09-08 00:00:00,17158126,10
2377449,2016-09-08 00:00:00,2016-09-08 00:00:00,17158029,1
2376229,2016-09-07 00:00:00,2016-09-07 00:00:00,17157572,100
2377257,2016-09-07 00:00:00,2016-09-07 00:00:00,17157499,10
2189462,2016-09-07 00:00:00,2016-09-07 00:00:00,17157138,20
2376260,2016-09-07 00:00:00,2016-09-07 00:00:00,17157000,1
2376050,2016-09-06 00:00:00,2016-09-06 00:00:00,17156350,1000
2376016,2016-09-05 00:00:00,2016-09-05 00:00:00,17156193,100
2375912,2016-08-31 00:00:00,2016-08-31 00:00:00,17155797,250
2375847,2016-08-29 00:00:00,2016-08-29 00:00:00,17155551,25
2375762,2016-08-24 00:00:00,2016-08-24 00:00:00,17155257,100
2375756,2016-08-24 00:00:00,2016-08-24 00:00:00,17155226,15
2375384,2016-08-18 00:00:00,2016-08-18 00:00:00,17154837,500
2375253,2016-08-12 00:00:00,2016-08-12 00:00:00,17154488,25
2375231,2016-08-11 00:00:00,2016-08-11 00:00:00,17154441,100
2375224,2016-08-10 00:00:00,2016-08-10 00:00:00,17154403,10
2375053,2016-08-04 00:00:00,2016-08-04 00:00:00,17153908,100
2375006,2016-08-03 00:00:00,2016-08-03 00:00:00,17153795,50
2375002,2016-08-03 00:00:00,2016-08-03 00:00:00,17153783,200
2374979,2016-08-03 00:00:00,2016-08-03 00:00:00,17153778,100
2374926,2016-08-02 00:00:00,2016-08-02 00:00:00,17153536,200
2374902,2016-08-01 00:00:00,2016-08-01 00:00:00,17153438,500
2374890,2016-08-01 00:00:00,2016-08-01 00:00:00,17153386,200
270247,2016-07-31 00:00:00,2016-07-31 00:00:00,17152999,125
2374771,2016-07-30 00:00:00,2016-07-30 00:00:00,17152987,200
2374741,2016-07-26 00:00:00,2016-07-26 00:00:00,17152842,500
2373119,2016-07-20 00:00:00,2016-07-20 00:00:00,17152624,100
2374685,2016-07-19 00:00:00,2016-07-19 00:00:00,17152590,100
2374684,2016-07-19 00:00:00,2016-07-19 00:00:00,17152588,100
2374675,2016-07-16 00:00:00,2016-07-16 00:00:00,17152451,250
2374644,2016-07-11 00:00:00,2016-07-11 00:00:00,17152426,500
2374578,2016-06-15 00:00:00,2016-06-15 00:00:00,17152090,100
2374010,2016-05-26 00:00:00,2016-05-26 00:00:00,17151913,100
2373983,2016-05-19 00:00:00,2016-05-19 00:00:00,17151834,250
2342439,2016-05-03 00:00:00,2016-05-03 00:00:00,17150688,20
2373526,2016-04-21 00:00:00,2016-04-21 00:00:00,17149178,10
2373279,2016-04-08 00:00:00,2016-04-08 00:00:00,17148205,50
2371328,2015-08-23 00:00:00,2015-08-23 00:00:00,17148173,1000
2373168,2016-03-24 00:00:00,2016-03-24 00:00:00,17147561,20
2373166,2016-03-24 00:00:00,2016-03-24 00:00:00,17147547,20
2372849,2016-03-02 00:00:00,2016-03-02 00:00:00,17146524,25
2372964,2016-03-01 00:00:00,2016-03-01 00:00:00,17146459,25
2027963,2016-02-29 00:00:00,2016-02-29 00:00:00,17146170,100
2372610,2016-02-09 00:00:00,2016-02-09 00:00:00,17144243,5
2372203,2016-02-01 00:00:00,2016-02-01 00:00:00,17142289,25
2372191,2016-02-01 00:00:00,2016-02-01 00:00:00,17142219,1
2372126,2016-01-30 00:00:00,2016-01-30 00:00:00,17141842,25
2372022,2016-01-28 00:00:00,2016-01-28 00:00:00,17141567,5
2371939,2016-01-26 00:00:00,2016-01-26 00:00:00,17140761,5
2371736,2016-01-19 00:00:00,2016-01-19 00:00:00,17138335,10
2371708,2016-01-17 00:00:00,2016-01-17 00:00:00,17138215,50
2388865,2016-01-13 00:00:00,2016-01-13 00:00:00,17137815,25
164017,2016-01-12 00:00:00,2016-01-12 00:00:00,17137764,100
2371614,2016-01-11 00:00:00,2016-01-11 00:00:00,17137656,100
2371586,2016-01-09 00:00:00,2016-01-09 00:00:00,17137537,100
2342861,2015-12-30 00:00:00,2015-12-30 00:00:00,17136740,200
2371445,2015-12-29 00:00:00,2015-12-29 00:00:00,17136721,100
1353,2015-12-29 00:00:00,2015-12-29 00:00:00,17136704,500
2371415,2015-12-24 00:00:00,2015-12-24 00:00:00,17136636,5
2371339,2015-12-17 00:00:00,2015-12-17 00:00:00,17136133,50
2371280,2015-12-14 00:00:00,2015-12-14 00:00:00,17136019,0
2371277,2015-12-14 00:00:00,2015-12-14 00:00:00,17136011,0
2371301,2015-12-11 00:00:00,2015-12-11 00:00:00,17135974,100
2371296,2015-12-10 00:00:00,2015-12-10 00:00:00,17135955,10
155368,2015-11-30 00:00:00,2015-11-30 00:00:00,17102086,80.5
1615599,2015-11-25 00:00:00,2015-11-25 00:00:00,17073421,100
2112818,2015-11-08 00:00:00,2015-11-08 00:00:00,17002189,100
2352188,2015-10-16 00:00:00,2015-10-16 00:00:00,16887693,10
2350620,2015-10-11 00:00:00,2015-10-11 00:00:00,16875889,10
1501051,2015-10-08 00:00:00,2015-10-08 00:00:00,16866221,5
702200,2015-10-07 00:00:00,2015-10-07 00:00:00,16862495,30
2348470,2015-10-03 00:00:00,2015-10-03 00:00:00,16851544,79.5
2344793,2015-10-02 00:00:00,2015-10-02 00:00:00,16845148,5
1753748,2015-09-28 00:00:00,2015-09-28 00:00:00,16825913,20
2346609,2015-09-28 00:00:00,2015-09-28 00:00:00,16825911,25
2345626,2015-09-25 00:00:00,2015-09-25 00:00:00,16807846,1
2345528,2015-09-24 00:00:00,2015-09-24 00:00:00,16805675,10
413453,2015-09-24 00:00:00,2015-09-24 00:00:00,16804679,100
2345247,2015-09-23 00:00:00,2015-09-23 00:00:00,16802232,10
2344476,2015-09-21 00:00:00,2015-09-21 00:00:00,16790305,20
2344245,2015-09-19 00:00:00,2015-09-19 00:00:00,16784593,5
2342786,2015-09-14 00:00:00,2015-09-14 00:00:00,16740984,10
2341036,2015-09-08 00:00:00,2015-09-08 00:00:00,16726428,100
2340767,2015-09-07 00:00:00,2015-09-07 00:00:00,16715587,10
2340685,2015-09-06 00:00:00,2015-09-06 00:00:00,16714816,20
1926782,2015-09-04 00:00:00,2015-09-04 00:00:00,16713119,1000
2286993,2015-09-03 00:00:00,2015-09-03 00:00:00,16710868,25
2186603,2015-09-03 00:00:00,2015-09-03 00:00:00,16710522,25
2340111,2015-09-02 00:00:00,2015-09-02 00:00:00,16710240,10
2339628,2015-09-01 00:00:00,2015-09-01 00:00:00,16704783,100
2338660,2015-08-25 00:00:00,2015-08-25 00:00:00,16683897,25
2338546,2015-08-24 00:00:00,2015-08-24 00:00:00,16681405,100
2337179,2015-08-13 00:00:00,2015-08-13 00:00:00,16653650,25
2336102,2015-08-05 00:00:00,2015-08-05 00:00:00,16636206,100
2335938,2015-08-04 00:00:00,2015-08-04 00:00:00,16634404,100
411200,2015-07-30 00:00:00,2015-07-30 00:00:00,16628782,60
2335109,2015-07-24 00:00:00,2015-07-24 00:00:00,16616041,100
721262,2015-06-18 00:00:00,2015-06-18 00:00:00,16562976,67
2328834,2015-06-08 00:00:00,2015-06-08 00:00:00,16529955,100
2328230,2015-06-05 00:00:00,2015-06-05 00:00:00,16522309,50
2327775,2015-06-04 00:00:00,2015-06-04 00:00:00,16517353,100
165660,2015-06-04 00:00:00,2015-06-04 00:00:00,16516564,100
2327620,2015-06-04 00:00:00,2015-06-04 00:00:00,16516028,100
2326636,2015-06-03 00:00:00,2015-06-03 00:00:00,16513332,100
1338074,2015-06-03 00:00:00,2015-06-03 00:00:00,16513014,100
1757846,2015-06-03 00:00:00,2015-06-03 00:00:00,16512618,100
2327057,2015-06-02 00:00:00,2015-06-02 00:00:00,16510140,100
2325940,2015-05-29 00:00:00,2015-05-29 00:00:00,16497568,50
2318988,2015-04-28 00:00:00,2015-04-28 00:00:00,16412113,2000
260991,2015-02-02 00:00:00,2015-02-02 00:00:00,15989739,100
2258281,2015-02-11 00:00:00,2015-02-11 00:00:00,15860297,0
2294417,2015-02-10 00:00:00,2015-02-10 00:00:00,15844287,100
2273314,2014-12-16 00:00:00,2014-12-16 00:00:00,14945549,40
1564236,2014-09-27 00:00:00,2014-09-27 00:00:00,14495418,40
1529780,2014-09-27 00:00:00,2014-09-27 00:00:00,14495386,10
2230054,2014-09-27 00:00:00,2014-09-27 00:00:00,14494249,40
2392768,2014-09-26 00:00:00,2014-09-26 00:00:00,14486078,40
324269,2014-09-25 00:00:00,2014-09-25 00:00:00,14479805,40
1669475,2014-09-25 00:00:00,2014-09-25 00:00:00,14477666,40
2229946,2014-09-24 00:00:00,2014-09-24 00:00:00,14474067,20
1442514,2014-09-23 00:00:00,2014-09-23 00:00:00,14472917,10
2229159,2014-09-22 00:00:00,2014-09-22 00:00:00,14466542,25
435943,2014-09-20 00:00:00,2014-09-20 00:00:00,14463075,40
2227084,2014-09-15 00:00:00,2014-09-15 00:00:00,14432965,18
774361,2014-09-14 00:00:00,2014-09-14 00:00:00,14430402,50
2225977,2014-09-10 00:00:00,2014-09-10 00:00:00,14418231,40
2219920,2014-08-18 00:00:00,2014-08-18 00:00:00,14412073,100
2225125,2014-09-08 00:00:00,2014-09-08 00:00:00,14405899,10
2222662,2014-09-03 00:00:00,2014-09-03 00:00:00,14382135,10
2220335,2014-08-21 00:00:00,2014-08-21 00:00:00,14257114,50
2218845,2014-08-10 00:00:00,2014-08-10 00:00:00,14128809,80
2218614,2014-08-07 00:00:00,2014-08-07 00:00:00,14125202,40
2193208,2014-04-26 00:00:00,2014-04-26 00:00:00,13749169,40
479911,2020-05-06 00:00:00,2020-05-06 00:00:00,,30
2341150,2015-09-08 00:00:00,2015-09-08 00:00:00,,1000
2342736,2015-09-14 00:00:00,2015-09-14 00:00:00,,500
2348409,2015-10-03 00:00:00,2015-10-03 00:00:00,,500
2403252,2018-08-30 00:00:00,2018-08-30 00:00:00,,10
2403494,2018-09-02 00:00:00,2018-09-02 00:00:00,,20
2406126,2018-09-23 00:00:00,2018-09-23 00:00:00,,50
2406442,2018-09-25 00:00:00,2018-09-25 00:00:00,,20
2408719,2018-12-26 00:00:00,2018-12-26 00:00:00,,50
2408828,2019-01-04 00:00:00,2019-01-04 00:00:00,,150
2415768,2019-09-25 00:00:00,2019-09-25 00:00:00,,200
2417259,2020-04-28 00:00:00,2020-04-28 00:00:00,,1000
2417740,2020-01-22 00:00:00,2020-01-22 00:00:00,,22
2418816,2020-03-27 00:00:00,2020-03-27 00:00:00,,100
2418859,2020-04-15 00:00:00,2020-04-15 00:00:00,,25
2418917,2020-05-01 00:00:00,2020-05-01 00:00:00,,100
2418954,2020-05-06 00:00:00,2020-05-06 00:00:00,,100
2419010,2020-05-14 00:00:00,2020-05-14 00:00:00,,36
2419078,2020-05-27 00:00:00,2020-05-27 00:00:00,,50
2419085,2020-05-29 00:00:00,2020-05-29 00:00:00,,200
2419086,2020-05-30 00:00:00,2020-05-30 00:00:00,,25
2419179,2020-07-08 00:00:00,2020-07-08 00:00:00,,200
2419182,2020-07-10 00:00:00,2020-07-10 00:00:00,,10
2419245,2020-07-27 00:00:00,2020-07-27 00:00:00,,100
